<?xml version="1.0" encoding="UTF-8"?>
<project-private xmlns="http://www.netbeans.org/ns/project-private/1">
    <editor-bookmarks xmlns="http://www.netbeans.org/ns/editor-bookmarks/2" lastBookmarkId="0"/>
    <open-files xmlns="http://www.netbeans.org/ns/projectui-open-files/2">
        <group>
            <file>file:/D:/backup/MAPEL%20SEMESTER%203/pbo/penjualanGUI/src/penjualangui/frmUtama.java</file>
            <file>file:/D:/backup/MAPEL%20SEMESTER%203/pbo/penjualanGUI/src/myEntityManager/SupplierManager.java</file>
            <file>file:/D:/backup/MAPEL%20SEMESTER%203/pbo/penjualanGUI/src/myEntity/Supplier.java</file>
            <file>file:/D:/backup/MAPEL%20SEMESTER%203/pbo/penjualanGUI/src/penjualangui/PenjualanGUI.java</file>
            <file>file:/D:/backup/MAPEL%20SEMESTER%203/pbo/penjualanGUI/src/penjualangui/frmBarang.java</file>
            <file>file:/D:/backup/MAPEL%20SEMESTER%203/pbo/penjualanGUI/src/myConnection/Koneksi.java</file>
            <file>file:/D:/backup/MAPEL%20SEMESTER%203/pbo/penjualanGUI/src/penjualangui/frmSupplier.java</file>
            <file>file:/D:/backup/MAPEL%20SEMESTER%203/pbo/penjualanGUI/src/myFunction/Fungsi.java</file>
            <file>file:/D:/backup/MAPEL%20SEMESTER%203/pbo/penjualanGUI/src/myFunction/JTableSupplier.java</file>
        </group>
    </open-files>
</project-private>
