<?xml version="1.0" encoding="UTF-8"?>
<project-private xmlns="http://www.netbeans.org/ns/project-private/1">
    <editor-bookmarks xmlns="http://www.netbeans.org/ns/editor-bookmarks/2" lastBookmarkId="0"/>
    <open-files xmlns="http://www.netbeans.org/ns/projectui-open-files/2">
        <group>
            <file>file:/C:/Users/LENOVO/Documents/NetBeansProjects/absensi_karyawan/src/absensi_karyawan/Absensi_karyawan.java</file>
            <file>file:/C:/Users/LENOVO/Documents/NetBeansProjects/absensi_karyawan/src/myEntityManager/absensi_manager.java</file>
            <file>file:/C:/Users/LENOVO/Documents/NetBeansProjects/absensi_karyawan/src/absensi_karyawan/frmAbsensi.java</file>
            <file>file:/C:/Users/LENOVO/Documents/NetBeansProjects/absensi_karyawan/src/absensi_karyawan/frmUtama.java</file>
            <file>file:/C:/Users/LENOVO/Documents/NetBeansProjects/absensi_karyawan/src/myFunction/JTableAbsensi.java</file>
            <file>file:/C:/Users/LENOVO/Documents/NetBeansProjects/absensi_karyawan/src/myConnection/koneksi.java</file>
            <file>file:/C:/Users/LENOVO/Documents/NetBeansProjects/absensi_karyawan/src/myFunction/fungsi.java</file>
            <file>file:/C:/Users/LENOVO/Documents/NetBeansProjects/absensi_karyawan/src/myEntity/absensi.java</file>
        </group>
    </open-files>
</project-private>
